model,r2,mae,mse
Linear Regression,0.576167935,3533.117697,5671.784454
ANN,0.526354886,3265.130425,6273.826832
XGBoost,0.71635253,2780.09197,5276.138911
