model,r2,mae,mse
Linear Regression,0.6973225532445182,0.6882423322802039,0.9671287248264324
ANN,0.41032323508302576,0.7452701731858534,1.1540121970394674
XGBoost,0.791913812272219,0.5636661056632363,0.8097891075017204
