Target var,MSE,R2
total_bus_exits,5566528.008590207,0.8681231854804531
total_rail_exits,59155760.30587579,0.7537571426423003
total_exits,84260186.46269213,0.7638243556397358
