Target var,MSE,R2
Total_railbus,99255458.51556844,0.7259676373522906
Total_bus,10658255.371180957,0.750657735800035
Total_rail,75759379.57901992,0.6905261356810684
