Target var,MSE,R2
log_Total_railbus,0.2907405291150603,0.8227434031511247
