Target var,MSE,R2
Total_railbus,99275785.6878123,0.7259115164787463
Total_bus,10911045.836039068,0.7447438836093365
Total_rail,74432567.96389952,0.695946105063556
