Model,MSE,R-squared
XGBoost,0.2548467214576129,0.9349613570358561
Random Forest,0.28368409959575236,0.9276018590206524
MLP-ANN,0.35772430661558846,0.9087062869614476
