Feature set,MSE,R2
All features,0.5085313955905989,0.892230706447796
Population,3.0123501952142773,0.36161492626614133
POI,1.5068329591887197,0.6806680473988271
Transport nodes,1.259911012137261,0.732996387452179
Transport centrality,1.5415900360689054,0.6733022374335113
All features with coordinates,0.5243467258453132,0.8888790806020291
All features with lagged Total,0.5348409385254881,0.886655119806815
