Target var,MSE,R2
log_Total_railbus,0.25577946430846443,0.8440582139506114
